Event;Key;Time
Key Up;Left Control;1344
Key Down;Entrée;6841
Key Up;Entrée;6937
Key Down;Entrée;9209
Key Up;Entrée;9273
Key Down;Echap;26089
Key Up;Echap;26185
Key Down;W;181289
Key Up;W;182425
Key Down;W;183642
Key Up;W;184313
Key Down;W;187113
Key Up;W;187881
Key Down;W;188601
Key Up;W;188905
Key Down;W;189193
Key Up;W;191193
Key Down;C;192585
Key Up;C;192713
Key Down;W;195338
Key Up;W;196217
Key Down;W;197018
Key Up;W;199449
Key Down;W;200713
Key Down;Espace;201145
Key Up;Espace;201305
Key Up;W;201641
Key Down;W;201785
Key Down;C;204377
Key Up;C;204553
Key Up;W;205785
Key Down;W;206073
Key Down;C;206505
Key Up;C;206649
Key Up;W;208569
Key Down;W;208857
Key Up;W;209177
Key Down;E;213513
Key Up;E;213641
Key Down;W;216969
Key Down;Espace;217257
Key Up;Espace;217401
Key Up;W;217689
Key Down;W;218345
Key Up;W;224810
Key Down;E;226105
Key Up;E;226233
Key Down;W;227913
Key Up;W;228729
Key Down;W;228986
Key Up;W;229881
Key Down;W;230169
Key Up;W;231449
Key Down;W;233865
Key Up;W;234361
Key Down;W;235033
Key Up;W;235417
Key Down;W;236905
Key Up;W;237241
Key Down;3;244873
Key Up;3;245001
Key Down;3;246745
Key Up;3;247289
Key Down;3;248281
Key Up;3;248313
Key Down;3;249241
Key Up;3;249289
Key Down;3;249433
Key Up;3;249497
Key Down;3;249593
Key Up;3;249657
Key Down;S;256073
Key Up;S;256233
Key Down;E;256777
Key Up;E;256905
Key Down;W;257674
Key Up;W;258057
Key Down;W;258330
Key Up;W;258442
Key Down;W;260809
Key Up;W;261881
Key Down;W;264121
Key Up;W;264489
Key Down;A;264745
Key Up;A;265209
Key Down;W;267129
Key Up;W;269625
Key Down;W;277930
Key Up;W;280073
Key Down;W;281290
Key Up;W;282282
Key Down;A;283513
Key Down;S;284122
Key Up;S;284538
Key Up;A;284682
Key Down;W;285466
Key Down;D;286089
Key Up;W;286521
Key Up;D;287001
Key Down;W;287593
Key Down;D;287898
Key Up;W;288713
Key Up;D;288793
Key Down;D;289145
Key Down;W;289369
Key Up;D;289849
Key Down;A;291993
Key Up;A;293017
Key Up;W;293321
Key Down;W;297897
Key Down;A;299097
Key Up;A;300137
Key Up;W;302345
Key Down;W;302825
Key Up;W;303481
Key Down;W;303881
Key Up;W;304393
Key Down;A;305017
Key Down;W;305881
Key Up;W;307209
Key Up;A;307241
Key Down;A;308394
Key Up;A;309162
Key Down;A;309929
Key Down;W;311193
Key Up;A;311610
Key Up;W;311929
Key Down;A;312697
Key Down;W;312697
Key Up;A;313434
Key Down;A;315225
Key Up;A;318826
Key Down;D;323161
Key Up;W;324105
Key Up;D;324170
Key Down;W;324777
Key Down;A;325193
Key Up;A;326009
Key Up;W;329018
Key Down;W;331354
Key Down;A;332473
Key Up;A;332698
Key Up;W;332729
Key Down;W;333577
Key Down;A;333962
Key Up;A;335097
Key Up;W;335177
Key Down;W;335322
Key Down;A;335561
Key Up;A;335657
Key Down;A;335801
Key Up;A;336681
Key Down;D;338938
Key Up;D;341641
Key Down;D;342602
Key Up;W;344122
Key Up;D;344217
Key Down;S;344585
Key Down;A;344969
Key Up;S;345017
Key Down;W;345401
Key Up;A;345465
Key Down;D;347977
Key Up;W;349625
Key Up;D;350505
Key Down;W;351178
Key Up;W;352058
Key Down;W;352138
Key Down;Espace;352266
Key Up;Espace;352442
Key Up;W;352586
Key Down;W;353113
Key Down;Espace;353529
Key Up;Espace;353817
Key Up;W;354105
Key Down;W;354505
Key Down;Espace;354809
Key Up;Espace;354969
Key Up;W;355433
Key Down;W;356377
Key Down;Espace;356393
Key Up;Espace;356697
Key Up;W;356953
Key Down;S;357369
Key Down;Espace;357513
Key Up;Espace;357817
Key Up;S;357833
Key Down;W;358762
Key Down;Espace;358777
Key Up;W;359081
Key Up;Espace;359081
Key Down;A;361289
Key Up;A;361593
Key Down;W;362217
Key Down;Espace;362697
Key Up;Espace;363001
Key Up;W;363113
Key Down;W;363737
Key Up;W;364185
Key Down;W;367241
Key Down;Espace;367417
Key Up;Espace;367641
Key Down;Espace;368169
Key Up;W;368249
Key Up;Espace;368281
Key Down;A;369290
Key Down;W;370505
Key Up;A;371033
Key Up;W;371177
Key Down;W;371497
Key Up;W;372569
Key Down;W;373145
Key Up;W;375849
Key Down;W;377081
Key Up;W;377417
Key Down;W;378409
Key Down;Espace;378697
Key Up;Espace;378857
Key Up;W;378986
Key Down;W;379545
Key Down;Espace;379609
Key Up;Espace;379785
Key Up;W;380105
Key Down;W;380713
Key Down;Espace;380745
Key Up;Espace;380969
Key Up;W;381193
Key Down;W;382522
Key Up;W;382777
Key Down;W;384617
Key Down;Espace;385049
Key Up;Espace;385257
Key Up;W;385417
Key Down;W;386490
Key Down;Espace;388058
Key Up;Espace;388218
Key Up;W;388474
Key Down;W;389929
Key Down;Espace;390233
Key Up;Espace;390489
Key Up;W;391098
Key Down;W;391385
Key Down;Espace;391497
Key Up;Espace;391785
Key Up;W;391945
Key Down;W;392377
Key Down;Espace;392457
Key Up;Espace;392777
Key Up;W;392937
Key Down;W;393817
Key Down;Espace;393865
Key Up;Espace;394137
Key Up;W;394281
Key Down;W;396346
Key Up;W;396729
Key Down;W;398809
Key Up;W;407337
Key Down;W;409161
Key Down;D;410297
Key Up;W;410889
Key Up;D;411017
Key Down;W;411961
Key Up;W;412649
Key Down;W;413753
Key Down;D;416729
Key Up;W;418489
Key Up;D;420025
Key Down;W;421562
Key Down;A;422169
Key Up;A;422793
Key Down;D;424633
Key Up;D;426281
Key Up;W;426441
Key Down;W;426553
Key Up;W;426810
Key Down;D;427129
Key Down;W;427353
Key Up;D;427945
Key Down;D;428201
Key Up;D;430297
Key Up;W;434697
Key Down;W;439434
Key Up;W;440137
Key Down;W;440889
Key Up;W;442505
Key Down;W;443193
Key Up;W;444298
Key Down;W;445673
Key Up;W;447145
Key Down;W;449033
Key Up;W;449369
Key Down;E;451241
Key Up;E;451369
Key Down;E;473626
Key Up;E;473738
Key Down;E;475594
Key Up;E;475754
Key Down;S;476266
Key Up;S;476714
Key Down;W;478409
Key Down;D;478953
Key Up;W;479385
Key Up;D;479753
Key Down;W;480202
Key Down;D;480474
Key Up;W;481193
Key Up;D;481353
Key Down;D;481625
Key Up;D;481993
Key Down;A;483705
Key Down;W;484217
Key Up;W;484969
Key Down;W;485898
Key Up;A;485930
Key Down;A;486089
Key Up;A;486553
Key Up;W;487817
Key Down;W;488746
Key Down;D;489273
Key Up;D;489897
Key Up;W;490073
Key Down;W;491498
Key Down;D;492122
Key Up;W;492666
Key Up;D;492762
Key Down;S;494378
Key Up;S;494489
Key Down;D;494537
Key Up;D;495034
Key Down;W;495161
Key Up;W;496089
Key Down;D;496361
Key Up;D;496857
Key Down;W;498442
Key Down;A;499049
Key Up;W;499594
Key Up;A;500473
Key Down;W;500521
Key Up;W;501081
Key Down;D;501097
Key Up;D;502265
Key Down;S;502633
Key Up;S;504377
Key Down;W;504873
Key Down;D;505705
Key Up;W;505881
Key Up;D;506185
Key Down;D;506218
Key Up;D;506842
Key Down;W;507001
Key Down;D;507529
Key Up;D;507625
Key Up;W;508041
Key Down;A;508539
Key Up;A;508939
Key Down;S;509306
Key Up;S;509674
Key Down;A;510138
Key Up;A;510395
Key Down;W;511354
Key Up;W;511626
Key Down;E;512121
Key Up;E;512282
Key Down;W;513449
Key Up;W;513705
Key Down;E;514297
Key Up;E;514489
Key Down;E;514921
Key Up;E;515081
Key Down;W;516394
Key Up;W;517546
Key Down;A;517674
Key Up;A;519018
Key Down;W;519529
Key Down;A;519817
Key Up;A;520377
Key Up;W;520377
Key Down;S;520554
Key Up;S;521577
Key Down;D;521594
Key Down;W;521802
Key Up;D;522058
Key Down;D;522233
Key Up;W;523113
Key Down;S;523513
Key Up;D;523545
Key Down;A;524409
Key Up;S;524457
Key Down;W;524826
Key Up;A;525065
Key Up;W;525801
Key Down;W;528682
Key Up;W;530138
Key Down;W;531385
Key Up;W;531769
Key Down;A;531897
Key Up;A;532665
Key Down;W;533562
Key Up;W;534025
Key Down;W;534425
Key Down;A;535225
Key Up;W;535593
Key Down;W;536121
Key Up;A;536233
Key Down;A;536569
Key Up;A;538953
Key Down;A;541033
Key Up;A;543401
Key Up;W;544394
Key Down;W;545642
Key Down;A;546010
Key Up;W;547626
Key Down;W;548153
Key Up;W;548362
Key Down;W;549497
Key Up;A;549834
Key Up;W;551209
Key Down;1;558745
Key Up;1;558873
Key Down;2;567225
Key Up;2;567369
Key Down;1;568473
Key Up;1;568633
Key Down;1;569305
Key Up;1;569561
Key Down;2;570217
Key Up;2;570473
Key Down;1;571561
Key Up;1;571737
Key Down;W;574218
Key Up;W;574745
Key Down;W;575289
Key Down;D;575817
Key Up;W;579306
Key Up;D;579306
Key Down;D;583802
Key Down;W;584361
Key Up;W;586889
Key Up;D;587001
Key Down;D;590170
Key Down;W;590953
Key Up;W;592377
Key Up;D;592617
Key Down;D;594521
Key Down;W;594953
Key Up;D;596698
Key Down;D;599146
Key Up;D;600441
Key Up;W;601369
Key Down;D;601594
Key Up;D;602665
Key Down;S;602713
Key Up;S;603545
Key Down;D;603609
Key Up;D;604409
Key Down;W;604857
Key Down;Espace;605433
Key Up;Espace;605721
Key Up;W;606185
Key Down;D;606249
Key Up;D;606841
Key Down;W;607161
Key Up;W;607849
Key Down;S;608489
Key Up;S;608937
Key Down;A;615722
Key Down;W;616202
Key Up;A;616362
Key Down;Espace;616778
Key Up;Espace;617034
Key Up;W;617386
Key Down;W;624937
Key Up;W;628425
Key Down;W;628585
Key Up;W;635850
Key Down;1;646745
Key Up;1;646889
Key Down;1;654874
Key Up;1;655018
Key Down;C;656265
Key Up;C;656361
Key Down;C;656985
Key Up;C;657113
Key Down;1;659673
Key Up;1;659785
Key Down;2;660233
Key Up;2;660313
Key Down;W;661257
Key Up;W;661865
Key Down;W;662793
Key Up;W;663978
Key Down;W;665289
Key Up;W;665994
Key Down;W;666026
Key Down;A;666058
Key Up;W;666618
Key Down;W;666971
Key Up;W;668362
Key Up;A;668506
Key Down;S;669354
Key Up;S;669594
Key Down;W;670602
Key Up;W;673369
Key Down;W;675386
Key Up;W;676026
Key Down;E;677289
Key Up;E;677417
Key Down;W;681305
Key Up;W;682937
Key Down;W;685978
Key Down;D;686779
Key Up;D;687066
Key Up;W;687242
Key Down;W;687770
Key Up;W;688170
Key Down;E;689546
Key Up;E;689674
Key Down;D;690043
Key Up;D;690394
Key Down;W;691881
Key Up;W;692553
Key Down;D;695065
Key Up;D;695465
Key Down;W;696330
Key Up;W;697513
Key Down;D;698185
Key Down;W;698393
Key Up;D;700537
Key Up;W;701002
Key Down;W;703146
Key Up;W;703706
Key Down;A;703930
Key Up;A;704235
Key Down;D;707930
Key Down;S;708074
Key Up;D;708265
Key Up;S;708442
Key Down;D;713097
Key Up;D;713385
Key Down;W;713961
Key Up;W;714089
Key Down;W;714729
Key Up;W;714857
Key Down;E;715929
Key Up;E;716057
Key Down;D;718009
Key Up;D;718538
Key Down;W;720490
Key Up;W;721162
Key Down;D;721994
Key Down;W;722250
Key Up;D;722298
Key Up;W;722570
Key Down;W;722986
Key Up;W;723130
Key Down;W;728089
Key Up;W;728505
Key Down;1;736650
Key Up;1;736730
Key Down;A;738778
Key Up;A;738922
Key Down;Q;739626
Key Up;Q;739690
Key Down;D;740554
Key Up;D;740746
Key Down;Q;741162
Key Up;Q;741242
Key Down;W;742010
Key Up;W;742250
Key Down;Q;742746
Key Up;Q;742842
Key Down;1;743897
Key Up;1;744010
Key Down;E;746569
Key Up;E;746713
Key Down;A;751401
Key Up;A;751481
Key Down;D;752249
Key Up;D;752377
Key Down;Q;752729
Key Up;Q;752777
Key Down;1;754154
Key Up;1;754218
Key Down;E;758426
Key Up;E;760266
Key Down;E;767017
Key Up;E;768585
Key Down;E;771882
Key Up;E;773626
Key Down;A;777977
Key Up;A;778090
Key Down;Q;778634
Key Up;Q;778714
Key Down;E;780345
Key Up;E;780441
Key Down;W;782857
Key Up;W;783177
Key Down;D;783817
Key Up;D;784089
Key Down;W;789034
Key Up;W;789338
Key Down;W;790122
Key Up;W;790570
Key Down;W;791034
Key Down;Q;791466
Key Up;W;791498
Key Up;Q;791882
Key Down;Q;792202
Key Up;Q;792698
Key Down;A;792986
Key Up;A;793467
Key Down;A;794058
Key Down;W;794330
Key Up;A;794602
Key Up;W;794603
Key Down;W;796106
Key Up;W;796250
Key Down;A;796906
Key Up;A;797354
Key Down;W;798729
Key Down;A;799129
Key Up;A;800106
Key Up;W;800921
Key Down;W;802105
Key Down;D;804713
Key Up;D;808234
Key Down;D;811226
Key Up;D;812042
Key Up;W;812058
Key Down;W;812858
Key Down;D;815145
Key Up;D;817929
Key Up;W;818665
Key Down;W;821081
Key Down;D;822345
Key Up;D;823258
Key Down;A;825530
Key Up;A;826074
Key Down;D;826634
Key Up;W;826666
Key Up;D;827450
Key Down;D;832874
Key Up;D;833401
Key Down;W;833865
Key Down;D;834777
Key Up;W;837881
Key Up;D;837945
Key Down;W;838265
Key Down;A;838553
Key Up;W;839161
Key Down;W;839338
Key Up;W;839482
Key Up;A;840169
Key Down;W;840394
Key Down;D;841114
Key Up;W;841963
Key Up;D;842362
Key Down;D;842538
Key Up;D;842810
Key Down;W;843115
Key Up;W;843963
Key Down;W;846538
Key Down;D;847066
Key Up;D;848954
Key Up;W;849129
Key Down;W;849145
Key Up;W;849194
Key Down;A;849257
Key Down;W;849418
Key Up;A;849866
Key Up;W;851817
Key Down;D;852281
Key Down;W;852729
Key Up;D;854073
Key Up;W;854969
Key Down;C;856377
Key Up;C;856489
Key Down;C;859595
Key Up;C;859722
Key Down;W;861691
Key Down;A;862314
Key Up;A;863146
Key Up;W;864986
Key Down;W;866202
Key Up;W;867450
Key Down;D;867705
Key Down;W;867930
Key Up;W;868697
Key Up;D;868729
Key Down;A;869001
Key Down;W;869353
Key Up;W;869546
Key Down;W;869641
Key Up;W;870090
Key Up;A;870985
Key Down;D;871417
Key Down;W;871594
Key Up;W;874986
Key Down;W;875818
Key Up;D;875931
Key Up;W;877162
Key Down;W;877802
Key Up;W;879130
Key Down;D;880970
Key Down;W;881290
Key Up;W;881498
Key Up;D;881627
Key Down;W;883962
Key Down;A;884538
Key Up;A;885465
Key Up;W;885482
Key Down;D;886105
Key Down;W;887529
Key Up;D;887929
Key Up;W;888281
Key Down;A;888521
Key Down;W;888681
Key Up;A;890617
Key Up;W;891385
Key Down;W;891994
Key Up;W;892601
Key Down;D;893161
Key Up;D;893674
Key Down;W;893914
Key Down;D;894474
Key Up;W;894506
Key Up;D;894810
Key Down;D;895387
Key Up;D;895850
Key Down;S;897290
Key Up;S;897610
Key Down;W;903194
Key Up;W;903769
Key Down;W;904842
Key Down;A;905209
Key Up;W;905322
Key Up;A;905754
Key Down;A;906057
Key Down;W;906665
Key Up;W;906841
Key Up;A;907017
Key Down;A;907257
Key Down;W;907321
Key Up;W;907577
Key Up;A;907705
Key Down;A;908553
Key Up;A;908889
Key Down;A;909641
Key Up;A;910746
Key Down;W;910938
Key Down;A;911018
Key Up;W;911434
Key Up;A;911690
Key Down;A;912170
Key Up;A;912603
Key Down;W;921897
Key Up;W;922569
Key Down;W;923098
Key Up;W;923561
Key Down;W;923929
Key Up;W;924762
Key Down;W;925770
Key Up;W;926089
Key Down;W;926874
Key Up;W;927369
Key Down;W;927865
Key Up;W;930506
Key Down;W;930570
Key Down;D;930843
Key Up;W;930875
Key Up;D;931818
Key Down;W;931962
Key Down;A;932410
Key Up;W;933162
Key Down;W;934298
Key Up;A;934346
Key Down;D;935034
Key Down;Espace;936250
Key Up;Espace;936602
Key Up;D;936794
Key Down;Espace;936954
Key Up;Espace;937082
Key Down;Espace;937306
Key Up;Espace;937450
Key Up;W;937834
Key Down;W;937866
Key Down;D;938298
Key Up;D;940137
Key Down;A;940570
Key Up;A;940937
Key Down;Espace;943321
Key Up;Espace;943705
Key Up;W;943913
Key Down;A;945433
Key Up;A;945803
Key Down;W;949130
Key Down;Espace;951035
Key Up;Espace;951178
Key Up;W;951466
Key Down;A;952778
Key Down;W;953066
Key Up;A;953386
Key Down;A;954378
Key Up;A;954650
Key Down;A;954810
Key Up;A;954955
Key Up;W;955530
Key Down;W;956490
Key Up;W;956681
Key Down;W;957049
Key Up;W;964138
Key Down;W;966202
Key Down;A;967418
Key Up;A;967802
Key Up;W;967818
Key Down;W;968250
Key Up;W;968698
Key Down;A;969386
Key Up;A;969994
Key Down;A;973594
Key Down;W;973690
Key Up;W;974074
Key Up;A;974090
Key Down;W;976713
Key Up;W;977673
Key Down;W;978377
Key Up;W;978889
Key Down;1;979721
Key Up;1;979801
Key Down;W;988250
Key Up;W;989306
Key Down;W;989434
Key Up;W;989642
Key Down;D;989930
Key Up;D;990682
Key Down;A;991146
Key Down;W;991322
Key Up;A;991514
Key Up;W;991546
Key Down;E;991993
Key Up;E;992105
Key Down;E;994185
Key Up;E;994313
Key Down;W;995033
Key Up;W;995721
Key Down;W;995802
Key Down;A;996106
Key Up;A;996250
Key Up;W;996522
Key Down;W;996793
Key Up;W;996841
Key Down;Q;997049
Key Up;Q;997193
Key Down;D;997561
Key Down;W;997801
Key Up;D;1001754
Key Up;W;1002186
Key Down;W;1002586
Key Down;A;1002746
Key Up;A;1004586
Key Up;W;1005802
Key Down;W;1008714
Key Up;W;1010601
Key Down;W;1011785
Key Up;W;1012778
Key Down;W;1013513
Key Up;W;1013849
Key Down;W;1014793
Key Up;W;1015161
Key Down;W;1016826
Key Up;W;1018266
Key Down;3;1022026
Key Up;3;1022107
Key Down;3;1023962
Key Up;3;1024746
Key Down;W;1031929
Key Up;W;1032393
Key Down;A;1033515
Key Up;A;1034218
Key Down;Espace;1035658
Key Down;W;1035706
Key Up;W;1035850
Key Up;Espace;1035882
Key Down;A;1036650
Key Up;A;1037243
Key Down;A;1040410
Key Up;A;1041179
Key Down;A;1041611
Key Up;A;1042138
Key Down;W;1043450
Key Up;W;1043626
Key Down;W;1045817
Key Up;W;1046265
Key Down;W;1047017
Key Up;W;1047369
Key Down;S;1050057
Key Up;S;1050281
Key Down;D;1053883
Key Up;D;1054218
Key Down;W;1054586
Key Up;W;1055402
Key Down;W;1055866
Key Up;W;1056074
Key Down;3;1060042
Key Up;3;1060154
Key Down;3;1061258
Key Up;3;1062057
Key Down;3;1062922
Key Up;3;1063002
Key Down;A;1065657
Key Down;W;1066025
Key Up;A;1066185
Key Up;W;1066265
Key Down;W;1067737
Key Up;W;1067913
Key Down;E;1068394
Key Up;E;1068522
Key Down;S;1068874
Key Up;S;1069290
Key Down;A;1072716
Key Up;A;1073323
Key Down;D;1074538
Key Up;D;1074922
Key Down;3;1076666
Key Up;3;1076794
Key Down;3;1077706
Key Up;3;1078362
Key Down;3;1079194
Key Up;3;1079274
Key Down;3;1079418
Key Up;3;1079498
Key Down;W;1081002
Key Up;W;1081529
Key Down;E;1083145
Key Up;E;1083289
Key Down;W;1086474
Key Down;A;1086762
Key Up;W;1086858
Key Up;A;1087115
Key Down;A;1087610
Key Up;A;1087674
Key Down;C;1094698
Key Up;C;1094778
Key Down;C;1103258
Key Up;C;1103466
Key Down;S;1104138
Key Up;S;1104714
Key Down;W;1105131
Key Up;W;1105642
Key Down;W;1138282
Key Up;W;1138746
Key Down;S;1139706
Key Up;S;1140154
Key Down;A;1140538
Key Up;A;1140954
Key Down;W;1141130
Key Down;A;1142138
Key Up;W;1142267
Key Up;A;1142330
Key Down;W;1142746
Key Up;W;1143130
Key Down;A;1143899
Key Up;A;1143963
Key Down;W;1144842
Key Up;W;1145226
Key Down;W;1145834
Key Up;W;1146202
Key Down;W;1146714
Key Up;W;1147210
Key Down;W;1150202
Key Up;W;1150650
Key Down;W;1159082
Key Up;W;1159211
Key Down;W;1159243
Key Up;W;1159530
Key Down;D;1160154
Key Up;D;1160379
Key Down;W;1160874
Key Up;W;1161210
Key Down;W;1163290
Key Up;W;1163530
Key Down;W;1165754
Key Up;W;1166235
Key Down;A;1167530
Key Up;A;1168154
Key Down;A;1168761
Key Up;A;1169114
Key Down;S;1170073
Key Up;S;1170505
Key Down;A;1173194
Key Down;W;1173354
Key Up;A;1173402
Key Up;W;1173610
Key Down;1;1174874
Key Up;1;1174954
Key Down;Q;1177642
Key Up;Q;1177706
Key Down;W;1178458
Key Up;W;1178570
Key Down;1;1179066
Key Up;1;1179178
Key Down;E;1182202
Key Up;E;1183626
Key Down;E;1184330
Key Up;E;1185434
Key Down;E;1185978
Key Up;E;1187273
Key Down;E;1191435
Key Up;E;1191514
Key Down;Q;1212074
Key Up;Q;1212154
Key Down;W;1215434
Key Up;W;1215579
Key Down;A;1217370
Key Up;A;1217578
Key Down;W;1219450
Key Up;W;1220090
Key Down;W;1222634
Key Up;W;1222793
Key Down;W;1224281
Key Up;W;1224457
Key Down;W;1224569
Key Up;W;1225001
Key Down;A;1225354
Key Down;W;1225355
Key Up;W;1225546
Key Up;A;1225610
Key Down;W;1231146
Key Up;W;1231322
Key Down;W;1232170
Key Up;W;1232394
Key Down;W;1234202
Key Up;W;1234778
Key Down;W;1235706
Key Up;W;1235850
Key Down;W;1237514
Key Up;W;1237658
Key Down;S;1240969
Key Up;S;1241290
Key Down;W;1242041
Key Up;W;1242361
Key Down;E;1243370
Key Up;E;1243450
Key Down;W;1245338
Key Up;W;1245483
Key Down;E;1246266
Key Up;E;1246378
Key Down;S;1246762
Key Up;S;1247002
Key Down;D;1247562
Key Up;D;1247802
Key Down;W;1248491
Key Up;W;1248762
Key Down;E;1249722
Key Up;E;1249834
Key Down;E;1250202
Key Up;E;1250330
Key Down;S;1250571
Key Up;S;1250938
Key Down;E;1251930
Key Up;E;1252090
Key Down;W;1253019
Key Up;W;1253194
Key Down;E;1253626
Key Up;E;1253754
Key Down;W;1255066
Key Up;W;1256074
Key Down;Q;1264442
Key Up;Q;1264538
Key Down;E;1266410
Key Up;E;1266570
Key Down;W;1267018
Key Up;W;1267306
Key Down;E;1267770
Key Up;E;1267898
Key Down;W;1269163
Key Up;W;1269450
Key Down;W;1270058
Key Up;W;1270330
Key Down;E;1270794
Key Up;E;1270938
Key Down;W;1272411
Key Up;W;1272746
Key Down;E;1273178
Key Up;E;1273322
Key Down;W;1274265
Key Up;W;1274777
Key Down;D;1274809
Key Up;D;1275194
Key Down;W;1276537
Key Up;W;1277194
Key Down;W;1277978
Key Up;W;1278298
Key Down;E;1280250
Key Up;E;1280410
Key Down;W;1280746
Key Up;W;1280954
Key Down;S;1281994
Key Up;S;1282586
Key Down;W;1284602
Key Up;W;1285355
Key Down;W;1285467
Key Down;A;1285515
Key Up;A;1285690
Key Up;W;1285770
Key Down;W;1285898
Key Up;W;1286154
Key Down;W;1286523
Key Up;W;1286778
Key Down;E;1287754
Key Up;E;1287850
Key Down;A;1288859
Key Up;A;1289195
Key Down;W;1289626
Key Up;W;1290058
Key Down;W;1290122
Key Up;W;1290426
Key Down;W;1291066
Key Up;W;1291673
Key Down;1;1302490
Key Up;1;1302602
Key Down;Q;1304074
Key Up;Q;1304170
Key Down;1;1305210
Key Up;1;1305306
Key Down;W;1320810
Key Up;W;1321066
Key Down;W;1325322
Key Up;W;1325818
Key Down;A;1327242
Key Up;A;1327705
Key Down;W;1328233
Key Up;W;1328457
Key Down;A;1328986
Key Up;A;1329146
Key Down;W;1331546
Key Up;W;1331770
Key Down;S;1332746
Key Up;S;1332970
Key Down;W;1334730
Key Up;W;1335834
Key Down;W;1336250
Key Up;W;1336762
Key Down;W;1338010
Key Up;W;1338202
Key Down;D;1338426
Key Up;D;1338796
Key Down;D;1343098
Key Up;D;1343226
Key Down;3;1346649
Key Up;3;1346745
Key Down;3;1347738
Key Up;3;1347882
Key Down;W;1351194
Key Up;W;1351322
Key Down;D;1353018
Key Up;D;1353323
Key Down;W;1354266
Key Up;W;1354411
Key Down;E;1354890
Key Up;E;1355050
Key Down;A;1356954
Key Up;A;1357258
Key Down;W;1357690
Key Up;W;1357818
Key Down;1;1358986
Key Up;1;1359082
Key Down;A;1359690
Key Up;A;1359882
Key Down;W;1366106
Key Down;D;1367034
Key Up;D;1367274
Key Up;W;1367642
Key Down;W;1367786
Key Up;W;1368058
Key Down;W;1368762
Key Down;D;1369322
Key Up;W;1369338
Key Up;D;1369883
Key Down;D;1390746
Key Up;D;1390906
Key Down;A;1393402
Key Up;A;1393546
Key Down;W;1396346
Key Up;W;1396474
Key Down;S;1397338
Key Up;S;1397482
Key Down;E;1398314
Key Up;E;1398441
Key Down;Q;1401450
Key Up;Q;1401578
Key Down;W;1403450
Key Up;W;1404042
Key Down;W;1405242
Key Up;W;1405786
Key Down;W;1407754
Key Up;W;1408154
Key Down;S;1410442
Key Up;S;1410826
Key Down;A;1411050
Key Up;A;1411450
Key Down;W;1413482
Key Up;W;1414250
Key Down;W;1416890
Key Up;W;1419898
Key Down;W;1420810
Key Up;W;1421242
Key Down;W;1421594
Key Down;A;1421706
Key Up;W;1421899
Key Up;A;1422171
Key Down;W;1422938
Key Up;W;1423147
Key Down;E;1425530
Key Up;E;1425610
Key Down;2;1429290
Key Up;2;1429386
Key Down;1;1430266
Key Up;1;1430346
Key Down;W;1431034
Key Down;A;1431754
Key Up;W;1431898
Key Up;A;1432011
Key Down;A;1432826
Key Up;A;1433242
Key Down;A;1435850
Key Up;A;1436058
Key Down;W;1438027
Key Down;A;1438474
Key Up;A;1438938
Key Up;W;1440170
Key Down;E;1456186
Key Up;E;1456330
Key Down;Q;1457834
Key Up;Q;1457946
Key Down;W;1458891
Key Up;W;1459226
Key Down;W;1459850
Key Up;W;1460186
Key Down;W;1462298
Key Down;D;1463226
Key Up;W;1463866
Key Up;D;1464986
Key Down;W;1465146
Key Up;W;1467338
Key Down;1;1470842
Key Up;1;1470922
Key Down;W;1471595
Key Up;W;1472346
Key Down;W;1473722
Key Up;W;1474412
Key Down;W;1482202
Key Up;W;1482651
Key Down;W;1482826
Key Up;W;1482923
Key Down;Q;1485562
Key Up;Q;1485690
Key Down;W;1487002
Key Up;W;1487178
Key Down;W;1490026
Key Up;W;1490570
Key Down;W;1491146
Key Up;W;1491850
Key Down;W;1492506
Key Up;W;1492714
Key Down;W;1496026
Key Up;W;1496810
Key Down;E;1498330
Key Up;E;1498458
Key Down;E;1501978
Key Up;E;1502122
Key Down;E;1502650
Key Up;E;1502762
Key Down;E;1503066
Key Up;E;1503194
Key Down;E;1503370
Key Up;E;1503498
Key Down;E;1503610
Key Up;E;1503706
Key Down;E;1503818
Key Up;E;1503914
Key Down;E;1504042
Key Up;E;1504154
Key Down;E;1504266
Key Up;E;1504378
Key Down;E;1505850
Key Up;E;1506058
Key Down;E;1506730
Key Up;E;1506922
Key Down;D;1510011
Key Down;W;1510442
Key Up;W;1510730
Key Up;D;1510746
Key Down;W;1510874
Key Up;W;1511146
Key Down;3;1513162
Key Up;3;1513226
Key Down;W;1514538
Key Up;W;1514746
Key Down;W;1521466
Key Up;W;1521897
Key Down;A;1523483
Key Down;W;1523867
Key Up;A;1523914
Key Up;W;1524186
Key Down;D;1528522
Key Up;D;1529419
Key Down;D;1530170
Key Up;D;1530474
Key Down;W;1530554
Key Up;W;1530779
Key Down;1;1534938
Key Up;1;1535050
Key Down;W;1538202
Key Up;W;1538538
Key Down;W;1542906
Key Up;W;1543146
Key Down;W;1547675
Key Up;W;1548250
Key Down;S;1549802
Key Up;S;1550266
Key Down;Q;1564778
Key Up;Q;1564858
Key Down;W;1566666
Key Up;W;1567323
Key Down;E;1568746
Key Up;E;1568844
Key Down;W;1571242
Key Up;W;1571531
Key Down;W;1574378
Key Up;W;1575307
Key Down;D;1577034
Key Up;D;1579098
Key Down;1;1580234
Key Up;1;1580330
Key Down;A;1581067
Key Down;W;1581195
Key Up;W;1581738
Key Up;A;1581771
Key Down;Q;1593467
Key Up;Q;1593546
Key Down;W;1604970
Key Down;D;1605771
Key Up;W;1605803
Key Up;D;1606170
Key Down;A;1606699
Key Down;W;1607034
Key Up;W;1608522
Key Up;A;1608538
Key Down;W;1609658
Key Up;W;1610171
Key Down;2;1618634
Key Up;2;1618746
Key Down;E;1629147
Key Up;E;1629275
Key Down;1;1640218
Key Up;1;1640314
Key Down;W;1645723
Key Up;W;1647770
Key Down;Q;1655578
Key Up;Q;1655674
Key Down;W;1659146
Key Up;W;1659962
Key Down;Q;1660746
Key Up;Q;1660890
Key Down;W;1662619
Key Up;W;1662763
Key Down;S;1665162
Key Up;S;1667226
Key Down;2;1667802
Key Up;2;1667914
Key Down;W;1672378
Key Up;W;1672634
Key Down;W;1673642
Key Up;W;1676058
Key Down;W;1685434
Key Up;W;1685706
Key Down;4;1690010
Key Up;4;1690090
Key Down;4;1691498
Key Up;4;1691738
Key Down;4;1692634
Key Up;4;1693338
Key Down;A;1702106
Key Up;A;1702266
Key Down;D;1704810
Key Up;D;1704986
Key Down;W;1708234
Key Up;W;1708410
Key Down;S;1708810
Key Up;S;1709018
Key Down;Q;1712330
Key Up;Q;1712874
Key Down;W;1714538
Key Up;W;1715867
Key Down;Q;1722682
Key Up;Q;1722794
Key Down;W;1723386
Key Up;W;1724170
Key Down;W;1725002
Key Down;D;1726186
Key Up;D;1727322
Key Up;W;1727546
Key Down;W;1727866
Key Up;W;1728139
Key Down;W;1731546
Key Up;W;1732010
Key Down;W;1733835
Key Up;W;1735274
Key Down;W;1735914
Key Down;A;1736762
Key Up;A;1737226
Key Up;W;1737386
Key Down;W;1737947
Key Up;W;1738490
Key Down;E;1739450
Key Up;E;1739546
Key Down;W;1740922
Key Down;D;1741370
Key Up;D;1742010
Key Up;W;1743451
Key Down;W;1744699
Key Up;W;1744970
Key Down;E;1745898
Key Up;E;1745994
Key Down;W;1752987
Key Up;W;1753594
Key Down;S;1753819
Key Up;S;1754186
Key Down;A;1754730
Key Up;A;1754986
Key Down;S;1756394
Key Down;A;1756858
Key Up;S;1756890
Key Up;A;1757722
Key Down;D;1757850
Key Up;D;1759242
Key Down;W;1759450
Key Up;W;1760506
Key Down;W;1761194
Key Up;W;1762298
Key Down;E;1762410
Key Up;E;1762570
Key Down;S;1763178
Key Up;S;1763386
Key Down;D;1763578
Key Up;D;1763738
Key Down;A;1763978
Key Up;A;1764106
Key Down;S;1764314
Key Up;S;1764474
Key Down;Q;1764986
Key Up;Q;1765114
Key Down;A;1767948
Key Down;W;1768556
Key Up;W;1769323
Key Up;A;1769355
Key Down;A;1769739
Key Up;A;1769947
Key Down;W;1770411
Key Up;W;1770554
Key Down;S;1771354
Key Up;S;1771850
Key Down;1;1776458
Key Up;1;1776570
Key Down;W;1778874
Key Up;W;1779610
Key Down;W;1780842
Key Up;W;1781498
Key Down;W;1784955
Key Up;W;1788378
Key Down;W;1792218
Key Up;W;1792874
Key Down;A;1794826
Key Down;W;1795402
Key Up;A;1796730
Key Up;W;1796810
Key Down;W;1796826
Key Up;W;1797498
Key Down;W;1799034
Key Up;W;1799834
Key Down;W;1800330
Key Up;W;1800346
Key Down;A;1800443
Key Down;W;1800554
Key Up;A;1800986
Key Up;W;1800986
Key Down;W;1803083
Key Up;W;1803500
Key Down;W;1806586
Key Up;W;1808298
Key Down;W;1808651
Key Up;W;1809610
Key Down;W;1811418
Key Down;A;1813947
Key Up;W;1814235
Key Up;A;1814299
Key Down;A;1815402
Key Down;W;1816250
Key Up;A;1816347
Key Up;W;1816426
Key Down;W;1819498
Key Up;W;1819931
Key Down;W;1820492
Key Up;W;1820811
Key Down;W;1821659
Key Up;W;1822747
Key Down;D;1824075
Key Up;D;1824442
Key Down;W;1825498
Key Up;W;1825610
Key Down;3;1827562
Key Up;3;1827626
Key Down;3;1828778
Key Up;3;1828970
Key Down;A;1833034
Key Up;A;1833450
Key Down;A;1834106
Key Up;A;1834458
Key Down;W;1834826
Key Up;W;1835338
Key Down;A;1836635
Key Down;W;1837259
Key Up;W;1838044
Key Up;A;1838060
Key Down;D;1839739
Key Up;D;1841035
Key Down;W;1842298
Key Up;W;1842586
Key Down;D;1844762
Key Up;D;1845082
Key Down;W;1845994
Key Up;W;1846410
Key Down;W;1847066
Key Up;W;1848202
Key Down;S;1848779
Key Up;S;1849610
Key Down;D;1849803
Key Down;W;1850266
Key Up;W;1850906
Key Up;D;1851019
Key Down;D;1853210
Key Up;D;1853930
Key Down;W;1855163
Key Down;D;1855500
Key Up;W;1855900
Key Up;D;1855916
Key Down;A;1857868
Key Down;W;1858587
Key Up;A;1859083
Key Down;A;1859850
Key Up;A;1860379
Key Up;W;1860395
Key Down;3;1862810
Key Up;3;1862922
Key Down;W;1864410
Key Up;W;1864794
Key Down;W;1865802
Key Up;W;1867098
Key Down;W;1867371
Key Down;1;1873979
Key Up;1;1874091
Key Up;W;1877771
Key Down;W;1879338
Key Up;W;1880042
Key Down;W;1880298
Key Down;A;1880618
Key Up;W;1880715
Key Up;A;1880730
Key Down;S;1881402
Key Up;S;1881546
Key Down;E;1884074
Key Up;E;1884362
Key Down;E;1885898
Key Up;E;1886922
Key Down;E;1887674
Key Up;E;1889819
Key Down;E;1890299
Key Up;E;1891787
Key Down;E;1893531
Key Up;E;1893611
Key Down;Q;1896907
Key Up;Q;1897018
Key Down;W;1897451
Key Down;A;1897658
Key Up;A;1898235
Key Up;W;1898251
Key Down;W;1898619
Key Down;A;1899402
Key Up;A;1900122
Key Up;W;1900138
Key Down;W;1904106
Key Down;A;1904827
Key Up;W;1905627
Key Up;A;1905658
Key Down;D;1906026
Key Down;W;1906651
Key Up;W;1907275
Key Up;D;1907307
Key Down;W;1908619
Key Down;D;1914106
Key Up;D;1915674
Key Down;D;1918298
Key Up;W;1919082
Key Down;S;1919818
Key Up;D;1919850
Key Down;D;1920138
Key Up;S;1920458
Key Down;W;1920826
Key Up;D;1921034
Key Up;W;1922794
Key Down;W;1923594
Key Up;W;1923819
Key Down;A;1924283
Key Down;W;1924363
Key Up;A;1925659
Key Up;W;1926971
Key Down;D;1926971
Key Up;D;1927659
Key Down;W;1930155
Key Up;W;1930746
Key Down;W;1931850
Key Up;W;1932986
Key Down;W;1935466
Key Down;Espace;1935754
Key Up;Espace;1935994
Key Down;Espace;1936762
Key Up;Espace;1937274
Key Down;D;1937691
Key Up;D;1942315
Key Down;Espace;1942971
Key Up;Espace;1943115
Key Up;W;1943372
Key Down;W;1945691
Key Up;W;1945819
Key Down;W;1946764
Key Up;W;1946971
Key Down;W;1948026
Key Down;Espace;1948874
Key Up;Espace;1949546
Key Up;W;1949626
Key Down;D;1950090
Key Down;W;1950426
Key Up;D;1950795
Key Down;D;1951418
Key Up;D;1952651
Key Down;Espace;1953002
Key Up;Espace;1953658
Key Up;W;1953866
Key Down;W;1954106
Key Down;Espace;1954122
Key Up;Espace;1954826
Key Up;W;1954891
Key Down;D;1955051
Key Down;W;1955274
Key Up;D;1955418
Key Down;Espace;1955626
Key Up;W;1956202
Key Up;Espace;1956218
Key Down;W;1956682
Key Down;Espace;1957194
Key Up;Espace;1957931
Key Up;W;1957978
Key Down;D;1958186
Key Up;D;1958634
Key Down;W;1958810
Key Down;D;1959435
Key Up;D;1960556
Key Up;W;1960619
Key Down;W;1960875
Key Down;D;1962188
Key Up;D;1962683
Key Up;W;1963163
Key Down;2;1963739
Key Up;2;1963851
Key Down;D;1972827
Key Up;D;1973578
Key Down;1;1975354
Key Up;1;1975466
Key Down;W;1976730
Key Up;W;1977515
Key Down;2;1978156
Key Up;2;1978188
Key Down;1;1979355
Key Up;1;1979435
Key Down;1;1980059
Key Up;1;1980139
Key Down;W;1980955
Key Down;3;1981819
Key Up;3;1981947
Key Up;W;1982667
Key Down;W;1983067
Key Up;W;1983754
Key Down;3;1985306
Key Up;3;1985386
Key Down;W;1988730
Key Up;W;1988859
Key Down;W;1991147
Key Down;1;1991931
Key Up;1;1992059
Key Up;W;2001275
Key Down;Q;2003450
Key Up;Q;2003514
Key Down;W;2004122
Key Up;W;2004346
Key Down;E;2005434
Key Up;E;2005546
Key Down;E;2006602
Key Up;E;2006906
Key Down;E;2008522
Key Up;E;2008650
Key Down;E;2009530
Key Up;E;2009674
Key Down;E;2011706
Key Up;E;2011818
Key Down;W;2016235
Key Up;W;2016619
Key Down;S;2017691
Key Down;D;2017947
Key Up;S;2018427
Key Up;D;2018714
Key Down;W;2018986
Key Down;Espace;2023131
Key Up;Espace;2023386
Key Up;W;2023835
Key Down;W;2024362
Key Up;W;2025098
Key Down;D;2025210
Key Down;W;2026315
Key Down;Espace;2026315
Key Up;Espace;2026715
Key Up;D;2026875
Key Up;W;2026907
Key Down;W;2027626
Key Down;Espace;2028458
Key Up;Espace;2028731
Key Up;W;2028906
Key Down;W;2029466
Key Down;Espace;2029530
Key Up;Espace;2030044
Key Up;W;2030123
Key Down;W;2031595
Key Down;Espace;2031675
Key Up;W;2031691
Key Down;W;2031819
Key Up;Espace;2031980
Key Up;W;2031996
Key Down;W;2032811
Key Up;W;2033004
Key Down;3;2033499
Key Up;3;2033563
Key Down;W;2033979
Key Up;W;2034235
Key Down;W;2037051
Key Down;A;2038074
Key Up;A;2038234
Key Up;W;2039338
Key Down;A;2039482
Key Up;A;2040042
Key Down;1;2041882
Key Up;1;2041978
Key Down;W;2044490
Key Down;D;2045306
Key Up;D;2045674
Key Up;W;2045882
Key Down;W;2046410
Key Up;W;2046810
Key Down;1;2047563
Key Up;1;2047595
Key Down;2;2047771
Key Up;2;2047835
Key Down;S;2048091
Key Up;S;2048427
Key Down;S;2048459
Key Up;S;2048651
Key Down;W;2055979
Key Up;W;2056714
Key Down;W;2057594
Key Up;W;2058074
Key Down;W;2059050
Key Up;W;2059450
Key Down;W;2059930
Key Up;W;2060730
Key Down;W;2063450
Key Up;W;2063706
Key Down;A;2064202
Key Up;A;2064619
Key Down;W;2065051
Key Up;W;2066395
Key Down;Q;2073115
Key Up;Q;2073210
Key Down;A;2077002
Key Down;W;2077386
Key Up;A;2078970
Key Up;W;2080682
Key Down;W;2081514
Key Down;D;2082107
Key Up;D;2082171
Key Down;D;2082444
Key Up;D;2082571
Key Down;D;2083179
Key Up;D;2083691
Key Down;D;2085003
Key Up;D;2085612
Key Up;W;2085724
Key Down;D;2086715
Key Down;W;2087579
Key Up;W;2088219
Key Up;D;2088683
Key Down;3;2089483
Key Up;3;2089563
Key Down;3;2090490
Key Up;3;2090586
Key Down;W;2092202
Key Up;W;2092474
Key Down;A;2093178
Key Up;A;2093386
Key Down;W;2093402
Key Down;A;2095482
Key Up;W;2095755
Key Up;A;2095771
Key Down;A;2096682
Key Down;W;2096778
Key Up;A;2096858
Key Down;D;2098314
Key Up;W;2098347
Key Up;D;2098795
Key Down;W;2099098
Key Up;W;2101980
Key Down;W;2102572
Key Up;W;2103772
Key Down;S;2106347
Key Up;S;2106523
Key Down;W;2107914
Key Down;A;2109162
Key Up;W;2109850
Key Up;A;2109882
Key Down;W;2110331
Key Down;A;2111354
Key Up;A;2111930
Key Up;W;2111931
Key Down;W;2113835
Key Up;W;2113978
Key Down;W;2117051
Key Up;W;2117771
Key Down;W;2118107
Key Down;D;2118363
Key Up;W;2118459
Key Up;D;2118603
Key Down;W;2120139
Key Up;W;2120779
Key Down;D;2121147
Key Up;D;2121579
Key Down;W;2122235
Key Up;W;2122507
Key Down;W;2123195
Key Up;W;2123595
Key Down;E;2124971
Key Up;E;2125083
Key Down;W;2126218
Key Up;W;2126730
Key Down;W;2127626
Key Up;W;2128010
Key Down;A;2128347
Key Up;A;2128810
Key Down;W;2134266
Key Up;W;2134891
Key Down;E;2136427
Key Up;E;2136507
Key Down;W;2138683
Key Up;W;2139835
Key Down;W;2140827
Key Up;W;2141163
Key Down;W;2141371
Key Up;W;2141963
Key Down;W;2142747
Key Up;W;2143179
Key Down;E;2144394
Key Up;E;2144490
Key Down;1;2149226
Key Up;1;2149291
Key Down;D;2152044
Key Up;D;2153132
Key Down;W;2159307
Key Up;W;2159675
Key Down;W;2160267
Key Up;W;2161082
Key Down;E;2162602
Key Up;E;2162730
Key Down;W;2164442
Key Down;D;2165034
Key Up;W;2165307
Key Up;D;2165354
Key Down;D;2165706
Key Up;D;2166890
Key Down;W;2170811
Key Up;W;2171403
Key Down;E;2172587
Key Up;E;2172699
Key Down;Q;2189307
Key Up;Q;2189435
Key Down;W;2191260
Key Up;W;2191483
Key Down;W;2191995
Key Up;W;2192571
Key Down;W;2193467
Key Up;W;2193915
Key Down;D;2195883
Key Up;D;2197418
Key Down;W;2197738
Key Up;W;2197946
Key Down;1;2198410
Key Up;1;2198506
Key Down;W;2203898
Key Up;W;2204410
Key Down;D;2204732
Key Up;D;2205212
Key Down;W;2205499
Key Up;W;2205723
Key Down;W;2206187
Key Up;W;2206491
Key Down;S;2207659
Key Up;S;2208235
Key Down;W;2209531
Key Up;W;2209995
Key Down;W;2211611
Key Up;W;2211995
Key Down;Q;2217258
Key Up;Q;2217338
Key Down;D;2218186
Key Up;D;2218250
Key Down;W;2219802
Key Up;W;2220026
Key Down;W;2220826
Key Up;W;2221018
Key Down;A;2222988
Key Down;W;2223163
Key Up;W;2223403
Key Up;A;2223419
Key Down;D;2223915
Key Up;D;2224380
Key Down;D;2224907
Key Up;D;2225163
Key Down;W;2225899
Key Up;W;2226011
Key Down;A;2226220
Key Down;W;2226427
Key Up;A;2226524
Key Up;W;2226588
Key Down;D;2227291
Key Down;W;2227387
Key Up;D;2228715
Key Up;W;2228731
Key Down;W;2229915
Key Up;W;2230315
Key Down;W;2231371
Key Up;W;2231978
Key Down;D;2232971
Key Up;D;2233274
Key Down;A;2233530
Key Up;A;2234171
Key Down;W;2234778
Key Up;W;2235130
Key Down;D;2235387
Key Up;D;2235962
Key Down;W;2237530
Key Down;A;2238058
Key Up;A;2238154
Key Up;W;2238634
Key Down;W;2238699
Key Up;W;2239419
Key Down;W;2240379
Key Up;W;2241148
Key Down;W;2243595
Key Up;W;2244347
Key Down;W;2245035
Key Up;W;2245243
Key Down;1;2246123
Key Up;1;2246187
Key Down;W;2252186
Key Up;W;2252331
Key Down;D;2252523
Key Up;D;2253466
Key Down;S;2253835
Key Up;S;2254714
Key Down;W;2260204
Key Up;W;2260411
Key Down;W;2260971
Key Up;W;2260987
Key Down;W;2261323
Key Down;A;2262171
Key Up;A;2262731
Key Up;W;2262763
Key Down;Q;2270490
Key Up;Q;2270554
Key Down;W;2272954
Key Down;Espace;2273434
Key Up;Espace;2273723
Key Down;Espace;2274250
Key Up;Espace;2274875
Key Up;W;2274907
Key Down;W;2275355
Key Up;W;2275435
Key Down;A;2275627
Key Down;Espace;2276059
Key Down;W;2276283
Key Up;W;2276443
Key Up;Espace;2276491
Key Up;A;2276587
Key Down;Espace;2277707
Key Down;W;2277947
Key Up;W;2278123
Key Down;D;2278187
Key Up;D;2278315
Key Up;Espace;2278331
Key Down;D;2278795
Key Down;Espace;2278795
Key Up;D;2279067
Key Up;Espace;2279163
Key Down;W;2279851
Key Down;Espace;2279867
Key Up;W;2280587
Key Up;Espace;2280603
Key Down;A;2281179
Key Up;A;2281739
Key Down;W;2282188
Key Down;Espace;2282699
Key Up;Espace;2282923
Key Up;W;2283147
Key Down;D;2284235
Key Down;W;2285386
Key Up;D;2285834
Key Down;Espace;2286218
Key Up;Espace;2286378
Key Up;W;2287259
Key Down;W;2287291
Key Up;W;2287546
Key Down;W;2287786
Key Down;Espace;2287914
Key Up;Espace;2288122
Key Up;W;2288202
Key Down;W;2288890
Key Up;W;2289418
Key Down;W;2289962
Key Down;Espace;2290010
Key Up;W;2290202
Key Up;Espace;2290202
Key Down;W;2290986
Key Down;Espace;2291002
Key Up;W;2291675
Key Up;Espace;2291675
Key Down;A;2292747
Key Up;A;2292907
Key Down;W;2293499
Key Down;Espace;2293515
Key Up;Espace;2293724
Key Up;W;2293771
Key Down;Espace;2296043
Key Up;Espace;2296731
Key Down;W;2297771
Key Up;W;2297931
Key Down;W;2299659
Key Up;W;2299771
Key Down;Espace;2300908
Key Down;S;2300940
Key Up;S;2301211
Key Up;Espace;2301355
Key Down;Espace;2301963
Key Down;W;2302011
Key Up;Espace;2302523
Key Up;W;2302571
Key Down;W;2303562
Key Down;Espace;2303594
Key Up;W;2304138
Key Up;Espace;2304154
Key Down;S;2304410
Key Down;Espace;2304426
Key Up;S;2304810
Key Up;Espace;2304890
Key Down;W;2305578
Key Down;Espace;2305610
Key Up;W;2306266
Key Up;Espace;2306267
Key Down;W;2307211
Key Up;W;2307818
Key Down;W;2307962
Key Down;Espace;2308042
Key Up;Espace;2308186
Key Up;W;2308442
Key Down;W;2309835
Key Up;W;2310139
Key Down;W;2310955
Key Up;W;2311035
Key Down;S;2311483
Key Up;S;2311595
Key Down;W;2312059
Key Down;Espace;2312299
Key Up;Espace;2312443
Key Up;W;2312459
Key Down;W;2315467
Key Down;Espace;2315595
Key Up;Espace;2316011
Key Up;W;2316027
Key Down;W;2316908
Key Down;Espace;2316908
Key Up;W;2317243
Key Up;Espace;2317243
Key Down;W;2317947
Key Down;Espace;2318219
Key Up;W;2318332
Key Up;Espace;2318364
Key Down;Espace;2318939
Key Down;W;2318955
Key Up;Espace;2319243
Key Up;W;2319755
Key Down;A;2320394
Key Up;A;2320843
Key Down;W;2321179
Key Up;W;2323114
Key Down;W;2324282
Key Up;W;2324890
Key Down;A;2326666
Key Up;A;2327500
Key Down;W;2328268
Key Up;W;2328828
Key Down;W;2329579
Key Up;W;2330667
Key Down;W;2331324
Key Up;W;2331803
Key Down;W;2332315
Key Up;W;2332748
Key Down;A;2333051
Key Up;A;2333115
Key Down;E;2334315
Key Up;E;2334443
Key Down;W;2337083
Key Down;D;2337691
Key Up;D;2337995
Key Up;W;2339034
Key Down;W;2339322
Key Down;A;2339914
Key Up;A;2340538
Key Up;W;2340618
Key Down;W;2340634
Key Up;W;2340698
Key Down;W;2340714
Key Up;W;2340826
Key Down;W;2340938
Key Down;D;2341674
Key Up;W;2341818
Key Up;D;2341931
Key Down;W;2342747
Key Down;D;2343802
Key Up;W;2344011
Key Up;D;2344332
Key Down;W;2344588
Key Up;W;2345084
Key Down;E;2345771
Key Up;E;2345899
Key Down;D;2346299
Key Down;W;2346508
Key Up;D;2346636
Key Down;A;2347403
Key Up;A;2347595
Key Up;W;2348539
Key Down;A;2349723
Key Down;W;2349867
Key Up;A;2349947
Key Up;W;2349995
Key Down;3;2352203
Key Up;3;2352315
Key Down;3;2353131
Key Up;3;2353291
Key Down;W;2354571
Key Down;A;2357242
Key Up;A;2357450
Key Down;A;2358379
Key Up;W;2358794
Key Up;A;2358986
Key Down;W;2359402
Key Down;D;2360490
Key Up;W;2361626
Key Down;W;2361803
Key Up;D;2361916
Key Up;W;2365291
Key Down;W;2368219
Key Up;W;2369115
Key Down;W;2370459
Key Down;D;2371803
Key Up;W;2371996
Key Up;D;2372059
Key Down;A;2372459
Key Down;W;2373019
Key Up;A;2373051
Key Down;D;2373419
Key Up;W;2373755
Key Down;W;2374906
Key Up;D;2375322
Key Up;W;2375723
Key Down;W;2376122
Key Up;W;2379371
Key Down;A;2382075
Key Up;A;2382795
Key Down;W;2383388
Key Down;D;2383883
Key Up;W;2385787
Key Up;D;2385836
Key Down;S;2387483
Key Up;S;2388059
Key Down;S;2388651
Key Up;S;2389308
Key Down;2;2389627
Key Up;2;2389707
Key Down;W;2394058
Key Down;D;2394874
Key Up;W;2395434
Key Up;D;2396298
Key Down;W;2399739
Key Down;D;2400331
Key Up;W;2401116
Key Down;S;2401964
Key Up;D;2402539
Key Up;S;2402923
Key Down;A;2403211
Key Up;A;2403755
Key Down;A;2405963
Key Up;A;2406491
Key Down;A;2409754
Key Up;A;2410938
Key Down;A;2411226
Key Up;A;2412810
Key Down;W;2413514
Key Up;W;2413931
Key Down;A;2416411
Key Down;W;2417483
Key Up;A;2418763
Key Down;A;2420299
Key Up;A;2420796
Key Up;W;2421244
Key Down;W;2422267
Key Up;W;2422507
Key Down;E;2423259
Key Up;E;2423403
Key Down;E;2423883
Key Up;E;2424027
Key Down;E;2424379
Key Up;E;2424507
Key Down;E;2424907
Key Up;E;2425051
Key Down;E;2426139
Key Up;E;2426315
Key Down;S;2429626
Key Up;S;2430170
Key Down;D;2432491
Key Down;W;2432667
Key Up;W;2433387
Key Up;D;2433403
Key Down;W;2436171
Key Down;A;2436667
Key Up;W;2437547
Key Up;A;2438092
Key Down;A;2438539
Key Down;W;2439083
Key Up;A;2441212
Key Up;W;2441212
Key Down;E;2443579
Key Up;E;2443707
Key Down;A;2445898
Key Up;A;2447578
Key Down;W;2448026
Key Up;W;2451099
Key Down;W;2452427
Key Down;A;2454699
Key Up;W;2454891
Key Down;W;2456204
Key Up;A;2456699
Key Up;W;2456939
Key Down;S;2458027
Key Up;S;2458555
Key Down;1;2459195
Key Up;1;2459307
Key Down;D;2460668
Key Down;W;2460923
Key Up;W;2462491
Key Down;W;2463274
Key Down;Espace;2464235
Key Up;Espace;2464410
Key Up;D;2464458
Key Up;W;2464683
Key Down;W;2465162
Key Down;Espace;2465274
Key Up;Espace;2465466
Key Up;W;2465690
Key Down;W;2471483
Key Up;W;2473756
Key Down;W;2474411
Key Up;W;2474699
Key Down;E;2475563
Key Up;E;2475675
Key Down;E;2478027
Key Up;E;2485643
Key Down;S;2486123
Key Up;S;2486827
Key Down;A;2488107
Key Up;A;2488507
Key Down;E;2492363
Key Up;E;2501899
Key Down;A;2502491
Key Up;A;2503099
Key Down;A;2503916
Key Down;W;2504331
Key Up;A;2505275
Key Down;Espace;2505595
Key Up;Espace;2505883
Key Up;W;2505947
Key Down;D;2506635
Key Up;D;2507611
Key Down;W;2507835
Key Up;W;2508380
Key Down;W;2508780
Key Down;Espace;2508827
Key Up;Espace;2509051
Key Up;W;2509243
Key Down;A;2509739
Key Up;A;2510971
Key Down;A;2511611
Key Down;W;2513067
Key Up;A;2513131
Key Down;Espace;2513835
Key Up;W;2514331
Key Up;Espace;2514331
Key Down;D;2514539
Key Up;D;2516154
Key Down;W;2516474
Key Down;D;2517562
Key Up;D;2518362
Key Down;D;2519323
Key Up;D;2519947
Key Up;W;2520011
Key Down;W;2520971
Key Up;W;2522316
Key Down;W;2525211
Key Up;W;2525435
Key Down;W;2526091
Key Up;W;2526491
Key Down;D;2527180
Key Up;D;2527916
Key Down;S;2528028
Key Up;S;2528667
Key Down;D;2529452
Key Up;D;2530460
Key Down;W;2531068
Key Up;W;2531563
Key Down;W;2531739
Key Down;A;2533675
Key Up;W;2534234
Key Down;W;2535562
Key Up;W;2536442
Key Up;A;2536474
Key Down;E;2536763
Key Up;E;2537467
Key Down;W;2537803
Key Up;W;2538043
Key Down;E;2538363
Key Up;E;2539755
Key Down;S;2540315
Key Up;S;2541339
Key Down;W;2541915
Key Down;Espace;2543627
Key Up;Espace;2544331
Key Up;W;2544492
Key Down;W;2544875
Key Down;Espace;2546251
Key Up;Espace;2546396
Key Down;Espace;2546891
Key Up;Espace;2547003
Key Down;Espace;2547611
Key Up;Espace;2547739
Key Up;W;2548027
Key Down;W;2549307
Key Down;Espace;2549899
Key Up;Espace;2550459
Key Up;W;2550507
Key Down;S;2551162
Key Up;S;2551354
Key Down;W;2552475
Key Down;Espace;2552986
Key Up;Espace;2553402
Key Up;W;2553530
Key Down;W;2553930
Key Down;A;2554476
Key Up;A;2555771
Key Down;Espace;2556923
Key Up;Espace;2557403
Key Up;W;2557451
Key Down;W;2558475
Key Down;Espace;2559227
Key Up;W;2559915
Key Up;Espace;2559995
Key Down;W;2562395
Key Up;W;2562843
Key Down;W;2563291
Key Down;A;2565259
Key Up;A;2565723
Key Up;W;2565723
Key Down;W;2565899
Key Up;W;2568299
Key Down;W;2569146
Key Up;W;2569738
Key Down;W;2570666
Key Up;W;2571338
Key Down;W;2571627
Key Up;W;2576891
Key Down;S;2577147
Key Up;S;2577931
Key Down;W;2578219
Key Down;A;2578299
Key Up;A;2578955
Key Up;W;2579915
Key Down;E;2580571
Key Up;E;2580859
Key Down;W;2583707
Key Up;W;2584459
Key Down;Q;2585563
Key Up;Q;2585659
Key Down;W;2589147
Key Up;W;2589579
Key Down;W;2590619
Key Up;W;2591771
Key Down;W;2592075
Key Up;W;2592971
Key Down;E;2594091
Key Up;E;2611179
Key Down;A;2615211
Key Down;W;2615291
Key Up;W;2618572
Key Up;A;2618588
Key Down;A;2618716
Key Up;A;2618907
Key Down;S;2619387
Key Up;S;2619419
Key Down;D;2619627
Key Down;W;2619803
Key Up;D;2620155
Key Up;W;2620379
Key Down;S;2621179
Key Up;S;2621962
Key Down;D;2622138
Key Up;D;2622570
Key Down;W;2623370
Key Up;W;2623818
Key Down;S;2624348
Key Up;S;2625003
Key Down;W;2625851
Key Up;W;2626508
Key Down;W;2629116
Key Down;A;2629355
Key Up;W;2630011
Key Down;W;2630859
Key Up;W;2632075
Key Down;W;2632971
Key Up;A;2633436
Key Up;W;2634203
Key Down;W;2635179
Key Down;A;2635867
Key Up;A;2636684
Key Down;D;2638923
Key Up;W;2639019
Key Down;W;2639707
Key Up;D;2641419
Key Up;W;2641435
Key Down;Espace;2641756
Key Up;Espace;2642075
Key Down;S;2642619
Key Up;S;2643035
Key Down;Espace;2644315
Key Down;W;2644443
Key Up;W;2644587
Key Up;Espace;2644588
Key Down;E;2644699
Key Up;E;2644795
Key Down;E;2644891
Key Up;E;2644971
Key Down;Espace;2646891
Key Up;Espace;2647179
Key Down;E;2647308
Key Up;E;2647419
Key Down;Espace;2648315
Key Up;Espace;2648507
Key Down;E;2648651
Key Up;E;2648763
Key Down;1;2650171
Key Up;1;2650251
Key Down;Espace;2651051
Key Up;Espace;2651227
Key Down;E;2651307
Key Up;E;2651467
Key Down;E;2651548
Key Up;E;2651691
Key Down;W;2652427
Key Down;Espace;2652523
Key Up;Espace;2652747
Key Up;W;2652811
Key Down;A;2653740
Key Down;W;2653963
Key Up;A;2654299
Key Up;W;2654363
Key Down;W;2655163
Key Down;A;2657051
Key Up;A;2659067
Key Down;D;2662059
Key Up;D;2662716
Key Down;D;2664187
Key Up;W;2664571
Key Up;D;2665451
Key Down;W;2665675
Key Down;D;2665947
Key Up;D;2666140
Key Up;W;2666299
Key Down;D;2666587
Key Up;D;2667100
Key Down;W;2667291
Key Up;W;2667852
Key Down;W;2668683
Key Up;W;2669451
Key Down;S;2669772
Key Down;D;2670027
Key Up;S;2670060
Key Down;W;2671003
Key Up;D;2671195
Key Up;W;2671531
Key Down;W;2672539
Key Up;W;2672699
Key Down;E;2672955
Key Up;E;2673099
Key Down;S;2673435
Key Up;S;2673947
Key Down;2;2674155
Key Up;2;2674251
Key Down;W;2680603
Key Down;Espace;2681403
Key Up;Espace;2681819
Key Up;W;2681900
Key Down;D;2682267
Key Up;D;2682555
Key Down;W;2683195
Key Down;Espace;2683515
Key Up;Espace;2684092
Key Up;W;2684588
Key Down;W;2685499
Key Down;D;2686795
Key Up;W;2688460
Key Up;D;2689819
Key Down;S;2690187
Key Up;S;2690395
Key Down;W;2706459
Key Down;D;2707723
Key Up;D;2711098
Key Up;W;2711226
Key Down;W;2712347
Key Up;W;2712667
Key Down;S;2715499
Key Up;S;2715803
Key Down;A;2716939
Key Up;A;2717083
Key Down;A;2724379
Key Up;A;2724811
Key Down;W;2724892
Key Up;W;2725068
Key Down;W;2725419
Key Up;W;2725611
Key Down;E;2726267
Key Up;E;2726411
Key Down;W;2726587
Key Up;W;2726875
Key Down;E;2727227
Key Up;E;2727355
Key Down;E;2727499
Key Up;E;2727595
Key Down;E;2727675
Key Up;E;2727771
Key Down;E;2727867
Key Up;E;2727915
Key Down;E;2728011
Key Up;E;2728075
Key Down;E;2728155
Key Up;E;2728251
Key Down;S;2728794
Key Up;S;2728858
Key Down;D;2729067
Key Up;D;2729531
Key Down;D;2735723
Key Up;D;2735819
Key Down;W;2747771
Key Up;W;2747835
Key Down;Echap;2754203
Key Up;Echap;2754283
Key Down;Haut;2755931
Key Up;Haut;2756027
Key Down;S;2756651
Key Up;S;2756779
Key Down;S;2756891
Key Up;S;2756955
Key Down;S;2757051
Key Up;S;2757115
Key Down;S;2757211
Key Up;S;2757275
Key Down;S;2757371
Key Up;S;2757451
Key Down;S;2757771
Key Up;S;2757867
Key Down;Entrée;2758187
Key Up;Entrée;2758331
Key Down;E;2760251
Key Up;E;2760379
